epoch,time,train/box_loss,train/cls_loss,train/dfl_loss,metrics/precision(B),metrics/recall(B),metrics/mAP50(B),metrics/mAP50-95(B),val/box_loss,val/cls_loss,val/dfl_loss,lr/pg0,lr/pg1,lr/pg2
1,42.274,0.97851,3.52093,1.41911,0.00467,1,0.64848,0.54691,0.36521,3.75598,1.06124,0.0001375,0.0001375,0.0001375
2,86.8432,0.68818,2.48822,1.13486,0.00463,1,0.89056,0.73398,0.42917,3.18793,1.00172,0.000284654,0.000284654,0.000284654
3,130.427,0.77768,2.01568,1.19036,0.8486,0.41933,0.85,0.678,0.48854,3.30665,1.06103,0.000428838,0.000428838,0.000428838
4,173.202,0.73713,1.74875,1.16773,0.622,0.73055,0.69149,0.59197,0.57746,2.82683,1.09632,0.000570051,0.000570051,0.000570051
5,218.957,0.67887,1.44617,1.13225,0.56657,0.76,0.93262,0.77234,0.65881,3.05289,1.16458,0.000708295,0.000708295,0.000708295
6,264.807,0.82848,1.59362,1.23979,0.69333,0.78738,0.88514,0.80623,0.60975,3.15949,1.12345,0.000843569,0.000843569,0.000843569
7,311.008,0.69532,1.35701,1.11555,0.8923,0.62659,0.64036,0.54735,0.61032,2.07248,1.14108,0.000975872,0.000975872,0.000975872
8,357.106,0.70796,1.38293,1.1042,0.83555,0.61111,0.95187,0.45765,1.00808,2.58443,1.38675,0.00110521,0.00110521,0.00110521
9,403.441,0.79306,1.28896,1.14222,0.9088,0.4753,0.5797,0.41355,0.67816,3.13727,1.28965,0.001151,0.001151,0.001151
10,449.669,0.73784,1.31362,1.14481,0.64482,0.50032,0.59641,0.50035,0.60562,2.47047,1.20568,0.00113863,0.00113863,0.00113863
11,496.105,0.71699,1.29603,1.12515,0.56609,0.99144,0.77731,0.69365,0.53105,2.49436,1.10473,0.00112625,0.00112625,0.00112625
12,542.23,0.6953,1.06332,1.09888,0.67147,0.93333,0.89361,0.78162,0.6203,1.63388,1.14534,0.00111388,0.00111388,0.00111388
13,588.183,0.69745,1.12881,1.12263,0.87971,0.66667,0.80694,0.62678,0.59682,2.19426,1.08028,0.0011015,0.0011015,0.0011015
14,633.925,0.68825,1.29927,1.09454,0.93414,0.66667,0.77389,0.68775,0.48266,1.61564,1.02358,0.00108913,0.00108913,0.00108913
15,679.577,0.68293,1.06718,1.10696,0.57295,0.6,0.58471,0.53963,0.49238,1.86903,1.03893,0.00107675,0.00107675,0.00107675
16,725.46,0.60092,0.95291,1.06612,0.59447,0.66667,0.64252,0.56132,0.49155,1.86444,1.05137,0.00106437,0.00106437,0.00106437
17,771.843,0.66475,0.9886,1.08084,0.9741,0.66507,0.66333,0.61025,0.4303,1.50027,0.97794,0.001052,0.001052,0.001052
18,818.343,0.65019,0.95278,1.09929,0.99702,0.6628,0.66333,0.55937,0.72106,1.7322,1.20857,0.00103962,0.00103962,0.00103962
19,865.129,0.67933,0.95719,1.0968,0.98519,0.57658,0.61938,0.51168,0.68152,1.95902,1.06889,0.00102725,0.00102725,0.00102725
20,911.795,0.79801,1.17466,1.20666,0.62226,0.65888,0.66439,0.60344,0.53574,1.61764,1.04193,0.00101488,0.00101488,0.00101488
21,958.486,0.74699,1.08406,1.20635,0.58911,0.65793,0.7075,0.63335,0.48732,1.35079,0.97599,0.0010025,0.0010025,0.0010025
22,1004.55,0.58876,0.83398,1.03236,0.63178,0.6609,0.69348,0.65252,0.4244,1.20138,0.93631,0.000990125,0.000990125,0.000990125
23,1051.11,0.6389,0.875,1.05703,0.64207,0.65923,0.67775,0.57942,0.64545,1.66384,1.07699,0.00097775,0.00097775,0.00097775
24,1097.12,0.64161,0.86198,1.02834,0.91955,0.65461,0.72205,0.62537,0.59693,1.34215,1.09872,0.000965375,0.000965375,0.000965375
25,1143.39,0.61874,0.78422,1.06963,0.98403,0.66667,0.77389,0.65702,0.61945,1.11282,1.06917,0.000953,0.000953,0.000953
26,1189.49,0.68502,1.01961,1.10496,0.9639,0.6589,0.82917,0.72372,0.65424,1.40746,1.09213,0.000940625,0.000940625,0.000940625
27,1235.51,0.59684,0.76506,1.0144,0.93571,0.66667,0.72967,0.62009,0.59802,1.30889,1.02994,0.00092825,0.00092825,0.00092825
28,1281.37,0.56459,0.7189,1.01525,0.98279,0.66667,0.67913,0.59754,0.52346,1.16569,1.01964,0.000915875,0.000915875,0.000915875
29,1327.56,0.55473,0.71774,1.01618,0.98827,0.66667,0.67105,0.60292,0.51873,1.19979,1.03486,0.0009035,0.0009035,0.0009035
30,1373.47,0.5476,0.74131,0.99838,0.98976,0.66667,0.67913,0.63167,0.44571,1.06335,1.00299,0.000891125,0.000891125,0.000891125
31,1419.94,0.5579,0.72451,1.05136,0.96506,0.66667,0.995,0.86674,0.51139,1.11173,1.01796,0.00087875,0.00087875,0.00087875
32,1466.3,0.59084,0.68133,1.01424,0.97626,0.66667,0.995,0.8741,0.47646,1.03374,0.99647,0.000866375,0.000866375,0.000866375
33,1512.15,0.57182,0.66324,1.01993,0.96632,0.66667,0.71861,0.63273,0.52466,1.01366,1.04244,0.000854,0.000854,0.000854
34,1558.19,0.4942,0.6533,1.00451,0.9736,0.66667,0.67913,0.62525,0.46184,1.15333,0.9775,0.000841625,0.000841625,0.000841625
35,1603.77,0.56622,0.80119,1.04053,0.96304,0.66667,0.67403,0.63303,0.38494,1.09884,0.91841,0.00082925,0.00082925,0.00082925
36,1650.28,0.4925,0.61192,0.99288,0.99295,0.66667,0.6723,0.64353,0.3403,0.82125,0.87788,0.000816875,0.000816875,0.000816875
37,1697.58,0.52389,0.65569,1.02092,0.99202,0.66667,0.69097,0.65504,0.40248,0.77521,0.9478,0.0008045,0.0008045,0.0008045
38,1744.71,0.61598,0.827,1.10048,0.98278,0.66667,0.68544,0.63403,0.38138,0.83916,0.92687,0.000792125,0.000792125,0.000792125
39,1792,0.48142,0.64676,0.991,0.98927,0.66667,0.66382,0.57698,0.45718,0.91483,0.96864,0.00077975,0.00077975,0.00077975
40,1838.04,0.46308,0.59197,0.97018,0.98877,0.66667,0.66542,0.60348,0.43021,0.86992,0.9653,0.000767375,0.000767375,0.000767375
41,1880.42,0.54787,0.76415,1.03955,0.98855,0.66667,0.67039,0.57382,0.60451,0.9247,1.10941,0.000755,0.000755,0.000755
42,1922.39,0.5461,0.60982,0.99906,0.96667,0.66667,0.67562,0.60854,0.39417,1.01632,0.92147,0.000742625,0.000742625,0.000742625
43,1963.93,0.51722,0.5964,0.99029,0.98575,0.66667,0.69348,0.64233,0.42388,0.81165,0.94231,0.00073025,0.00073025,0.00073025
44,2005.81,0.49062,0.53875,0.95992,0.978,0.66667,0.6965,0.65169,0.37821,0.79796,0.93289,0.000717875,0.000717875,0.000717875
45,2047.74,0.48865,0.57086,0.96288,0.9448,0.66667,0.66959,0.63963,0.32392,0.83489,0.89432,0.0007055,0.0007055,0.0007055
46,2090.63,0.54151,0.58105,1.01014,0.98286,0.66667,0.71071,0.67004,0.37916,0.82004,0.91025,0.000693125,0.000693125,0.000693125
47,2133.08,0.48313,0.61576,0.97762,0.99412,0.66667,0.77389,0.71562,0.39014,0.75805,0.91975,0.00068075,0.00068075,0.00068075
48,2175.99,0.48064,0.50239,0.97085,0.99382,0.66667,0.995,0.89941,0.38113,0.68385,0.93333,0.000668375,0.000668375,0.000668375
49,2218.48,0.44739,0.49351,0.94038,0.99234,0.66667,0.77389,0.72955,0.35776,0.71636,0.9349,0.000656,0.000656,0.000656
50,2261.31,0.44873,0.5494,0.98275,0.98748,0.66667,0.70019,0.66433,0.3182,0.76157,0.89339,0.000643625,0.000643625,0.000643625
51,2304.1,0.47216,0.52362,0.9875,0.99047,0.66667,0.6965,0.66532,0.33036,0.83325,0.89021,0.00063125,0.00063125,0.00063125
52,2346.03,0.43972,0.5092,0.95351,0.98743,0.66667,0.77389,0.7229,0.35962,0.78241,0.9022,0.000618875,0.000618875,0.000618875
53,2388.12,0.44936,0.47076,0.98895,0.98618,0.66667,0.995,0.96381,0.33232,0.70151,0.88706,0.0006065,0.0006065,0.0006065
54,2430.53,0.438,0.50124,0.96356,0.98593,0.66667,0.995,0.9058,0.31213,0.68522,0.88602,0.000594125,0.000594125,0.000594125
55,2473.43,0.49663,0.55862,1.02637,0.98655,0.66667,0.6965,0.64111,0.35302,0.72688,0.90313,0.00058175,0.00058175,0.00058175
56,2515.83,0.43416,0.45947,0.93589,0.9896,0.66667,0.68702,0.63057,0.31308,0.69438,0.88228,0.000569375,0.000569375,0.000569375
57,2558.4,0.47476,0.50083,1.01206,0.99222,0.66667,0.68176,0.65598,0.32406,0.70105,0.88418,0.000557,0.000557,0.000557
58,2601.59,0.43177,0.49929,0.97715,0.94505,0.66667,0.70479,0.66735,0.3324,0.83291,0.87624,0.000544625,0.000544625,0.000544625
59,2647.92,0.42745,0.49044,0.94798,0.94378,0.66667,0.82917,0.7698,0.39987,0.81106,0.96991,0.00053225,0.00053225,0.00053225
60,2693.74,0.3898,0.48342,0.92915,0.94399,0.66667,0.995,0.93457,0.40005,0.78902,0.97864,0.000519875,0.000519875,0.000519875
61,2740.48,0.3901,0.45203,0.9341,0.98923,0.66667,0.995,0.93951,0.39734,0.76188,0.95654,0.0005075,0.0005075,0.0005075
62,2788.29,0.40348,0.4305,0.92562,0.98909,0.66667,0.82917,0.79573,0.36686,0.74015,0.91696,0.000495125,0.000495125,0.000495125
63,2837.48,0.46677,0.4439,0.98685,0.98832,0.66667,0.82917,0.78433,0.36233,0.76817,0.89668,0.00048275,0.00048275,0.00048275
64,2889.03,0.42044,0.51941,0.96533,0.98969,0.66667,0.82917,0.77243,0.3436,0.68062,0.89021,0.000470375,0.000470375,0.000470375
65,2935.81,0.38588,0.45324,0.94824,0.98845,0.66667,0.995,0.91766,0.33726,0.62078,0.88528,0.000458,0.000458,0.000458
66,2978.49,0.4043,0.42335,0.93834,0.98627,0.66667,0.995,0.90788,0.37394,0.58854,0.90595,0.000445625,0.000445625,0.000445625
67,3024.23,0.46045,0.63298,1.05809,0.98931,0.66667,0.995,0.90079,0.36227,0.66721,0.91719,0.00043325,0.00043325,0.00043325
68,3073.09,0.40722,0.43953,0.95995,0.96026,0.66211,0.72967,0.67967,0.38743,0.93392,0.91743,0.000420875,0.000420875,0.000420875
69,3120.81,0.38913,0.4008,0.94977,0.95556,0.66232,0.72967,0.6921,0.33769,0.87175,0.88339,0.0004085,0.0004085,0.0004085
70,3167.95,0.50744,0.58081,1.01524,0.99177,0.66667,0.72967,0.69876,0.30295,0.69299,0.88058,0.000396125,0.000396125,0.000396125
71,3213.18,0.37254,0.41971,0.94984,0.98374,0.66667,0.72967,0.69661,0.32671,0.67978,0.89852,0.00038375,0.00038375,0.00038375
72,3256.71,0.3986,0.4379,0.95977,0.98495,0.66667,0.82917,0.7855,0.29032,0.65141,0.89355,0.000371375,0.000371375,0.000371375
73,3299.06,0.36366,0.42301,0.95097,0.98953,0.66667,0.995,0.91819,0.31003,0.617,0.88854,0.000359,0.000359,0.000359
74,3345.42,0.40348,0.42993,0.94212,0.99247,0.66667,0.995,0.93203,0.3112,0.59897,0.88961,0.000346625,0.000346625,0.000346625
75,3392.54,0.35991,0.42918,0.9541,0.99039,0.66667,0.995,0.93202,0.28514,0.59692,0.87052,0.00033425,0.00033425,0.00033425
76,3436.72,0.47402,0.41798,1.07114,0.98413,0.66667,0.995,0.9438,0.28504,0.62506,0.84702,0.000321875,0.000321875,0.000321875
77,3482.26,0.37236,0.40987,0.94391,0.97988,0.66667,0.995,0.95395,0.30533,0.62124,0.84991,0.0003095,0.0003095,0.0003095
78,3526.55,0.34843,0.40875,0.9355,0.98385,0.66667,0.995,0.95527,0.26684,0.56994,0.83855,0.000297125,0.000297125,0.000297125
79,3568.54,0.35059,0.41951,0.93872,0.98789,0.66667,0.995,0.98845,0.27079,0.5593,0.8473,0.00028475,0.00028475,0.00028475
80,3612.23,0.40476,0.41618,0.98433,0.99011,0.66667,0.995,0.9487,0.28713,0.56107,0.85549,0.000272375,0.000272375,0.000272375
81,3655.48,0.33656,0.39496,0.90728,0.98939,0.66667,0.995,0.93414,0.30205,0.60144,0.86892,0.00026,0.00026,0.00026
82,3697.78,0.33593,0.37136,0.91063,0.98918,0.66667,0.71861,0.69325,0.30999,0.6383,0.88128,0.000247625,0.000247625,0.000247625
83,3741.39,0.31898,0.38473,0.92508,0.98759,0.66667,0.68284,0.65898,0.32267,0.64918,0.8825,0.00023525,0.00023525,0.00023525
84,3783.9,0.37605,0.47292,0.94426,0.98608,0.66667,0.68544,0.67217,0.3114,0.63277,0.87245,0.000222875,0.000222875,0.000222875
85,3825.84,0.35957,0.39726,0.91436,0.98506,0.66667,0.69348,0.67786,0.30077,0.66141,0.86564,0.0002105,0.0002105,0.0002105
86,3867.16,0.32792,0.3441,0.93117,0.98538,0.66667,0.70479,0.68259,0.29935,0.65865,0.86508,0.000198125,0.000198125,0.000198125
87,3910.03,0.34589,0.39233,0.95186,0.98667,0.66667,0.995,0.94603,0.27321,0.6276,0.84355,0.00018575,0.00018575,0.00018575
88,3952.06,0.31845,0.35397,0.89128,0.98629,0.66667,0.995,0.95398,0.24338,0.61712,0.83513,0.000173375,0.000173375,0.000173375
89,3995.23,0.34117,0.38679,0.92162,0.9851,0.66667,0.82917,0.82131,0.23273,0.60682,0.836,0.000161,0.000161,0.000161
90,4038.26,0.30738,0.36952,0.90544,0.98438,0.66667,0.995,0.95399,0.24875,0.61302,0.84294,0.000148625,0.000148625,0.000148625
91,4080.28,0.38141,0.65171,0.94944,0.9841,0.66667,0.995,0.93377,0.30876,0.64327,0.87239,0.00013625,0.00013625,0.00013625
92,4122.01,0.25891,0.36759,0.88612,0.98114,0.66667,0.995,0.72655,0.33317,0.66223,0.89701,0.000123875,0.000123875,0.000123875
93,4163.43,0.24468,0.38289,0.85289,0.9801,0.66667,0.995,0.81358,0.28934,0.65458,0.8774,0.0001115,0.0001115,0.0001115
94,4206.68,0.27823,0.36001,0.8693,0.98274,0.66667,0.82917,0.79675,0.27217,0.61323,0.86456,9.9125e-05,9.9125e-05,9.9125e-05
95,4250.23,0.21756,0.58094,0.78533,0.98511,0.66667,0.82917,0.79676,0.273,0.61872,0.86085,8.675e-05,8.675e-05,8.675e-05
96,4296.34,0.4057,0.62579,0.99876,0.98511,0.66667,0.77389,0.747,0.28615,0.63771,0.86423,7.4375e-05,7.4375e-05,7.4375e-05
97,4339.58,0.31815,0.37745,0.91562,0.98577,0.66667,0.77389,0.74698,0.28765,0.63164,0.86315,6.2e-05,6.2e-05,6.2e-05
98,4381.32,0.24012,0.32731,0.85144,0.98659,0.66667,0.82917,0.79673,0.28198,0.61917,0.85864,4.9625e-05,4.9625e-05,4.9625e-05
99,4423.9,0.22035,0.33081,0.81391,0.98757,0.66667,0.82917,0.79674,0.27172,0.59646,0.85211,3.725e-05,3.725e-05,3.725e-05
100,4469.66,0.28601,0.60848,0.88136,0.9882,0.66667,0.82917,0.81333,0.2651,0.58138,0.84858,2.4875e-05,2.4875e-05,2.4875e-05
